year	volume	commodity	region	units
2015	549.9219999999999	Solar	US	Trillion Btu
2014	420.07	Solar	US	Trillion Btu
2013	305.19	Solar	US	Trillion Btu
2012	227.35000000000002	Solar	US	Trillion Btu
2011	171.086	Solar	US	Trillion Btu
2010	125.90100000000001	Solar	US	Trillion Btu
2009	97.766	Solar	US	Trillion Btu
2008	88.76700000000001	Solar	US	Trillion Btu
2007	75.657	Solar	US	Trillion Btu
2006	68.44100000000002	Solar	US	Trillion Btu